"Time (s)","Linear Acceleration x (m/s^2)","Linear Acceleration y (m/s^2)","Linear Acceleration z (m/s^2)","Absolute acceleration (m/s^2)"
1.686270833E-2,-1.505407331E-1,-9.655324481E-2,-3.404424369E-2,1.820550794E-1
2.683170834E-2,-3.285484694E-2,-4.117543481E-2,-1.076800430E0,1.078088134E0
3.679970834E-2,2.379491519E-2,1.675028114E-1,-3.403617454E-1,3.800914462E-1
4.676870834E-2,1.061207514E-1,2.801001581E-1,6.222782314E-1,6.906141540E-1
5.673770834E-2,1.055541928E-1,1.009104803E-1,4.196318632E-1,4.443146557E-1
6.670570833E-2,8.116531011E-2,-5.219739977E-2,-3.814056909E-1,3.934242966E-1
7.667470834E-2,6.173614539E-2,1.579504710E-2,-3.722021735E-1,3.776179195E-1
8.664370833E-2,-2.992871750E-2,5.545535870E-2,2.566459894E-1,2.642691598E-1
9.661170834E-2,-1.084146507E-1,-8.003994036E-2,2.449310929E-1,2.795556631E-1
1.065807083E-1,-1.940552004E-2,-1.341116286E-1,-1.468855655E-1,1.998446209E-1
1.165497083E-1,1.475046029E-1,-1.669347178E-2,-2.295008755E-1,2.733256880E-1
1.265177083E-1,1.931816263E-1,9.859348454E-2,1.745738858E-1,2.784166977E-1
1.364867083E-1,1.054703218E-1,7.981559001E-2,1.949947017E-1,2.356214143E-1
1.464557083E-1,1.491208099E-2,4.470945541E-2,-8.137628496E-2,9.403938173E-2
1.564237083E-1,-1.030136872E-2,7.673622698E-2,-2.153892052E-1,2.288822327E-1
1.663927083E-1,-4.648258701E-2,1.031020167E-1,-6.233365774E-2,1.291361360E-1
1.763617083E-1,-5.582475655E-2,2.889427196E-2,1.078928232E-2,6.377845254E-2
1.863307083E-1,2.251492314E-2,-1.495253641E-2,-1.369067073E-2,3.029743511E-2
1.962987083E-1,1.430819152E-1,-4.546831436E-3,4.361438155E-3,1.432205651E-1
2.062677083E-1,1.521665514E-1,-1.360325485E-2,6.321717203E-2,1.653363806E-1
2.162367083E-1,9.839617755E-2,-1.854470026E-2,8.548044562E-2,1.316534096E-1
2.262047083E-1,4.606655762E-3,-1.978065547E-2,2.166627288E-2,2.969718822E-2
2.361737083E-1,-6.136199668E-2,2.646223225E-2,-6.513564348E-2,9.331771763E-2
2.461427083E-1,-4.007561009E-2,7.276012033E-2,-1.047002435E-1,1.336496563E-1
2.561107083E-1,2.554374430E-2,9.529134259E-2,-2.167972147E-2,1.010095697E-1
2.660797083E-1,7.803324904E-2,7.766491100E-2,1.330533922E-2,1.108966113E-1
2.760487083E-1,1.411724704E-1,5.837750472E-2,2.152593970E-2,1.542756155E-1
2.860167083E-1,1.263262802E-1,6.603892867E-2,2.364847898E-2,1.444947048E-1
2.959857083E-1,3.181415219E-2,3.070500847E-2,2.294388950E-2,4.981325014E-2
3.059547083E-1,-6.231162105E-2,-1.127544176E-2,-3.706550002E-2,7.337387135E-2
3.159227083E-1,-7.195740726E-2,-1.657312877E-2,-7.453211904E-2,1.049169854E-1
3.258917083E-1,-1.164078310E-2,-1.023076359E-2,-3.268944383E-2,3.617701055E-2
3.358607083E-1,7.445303544E-2,-1.031496350E-2,2.370695114E-2,7.881416428E-2
3.458287083E-1,1.255861689E-1,-6.297414713E-3,5.381952703E-2,1.367775008E-1
3.557977083E-1,1.299589360E-1,3.028956380E-2,4.042297125E-2,1.394302669E-1
3.657667083E-1,9.524204325E-2,7.303249095E-2,-2.019043565E-3,1.200369446E-1
3.757347083E-1,-2.815580517E-3,7.285122726E-2,-1.651078284E-2,7.475182110E-2
3.857037083E-1,-4.273316961E-2,5.339812551E-2,-7.161085010E-2,9.902321669E-2
3.956727083E-1,-2.303170737E-2,5.313598752E-2,-4.216427207E-2,7.163601436E-2
4.056407083E-1,1.980378851E-2,4.018758427E-2,-2.127041638E-2,4.959498545E-2
4.156097083E-1,9.123194966E-2,1.230312645E-2,-8.593652844E-3,9.245802523E-2
4.255787083E-1,1.268630546E-1,-9.128855802E-3,3.363610804E-2,1.315635147E-1
4.355477083E-1,8.963332091E-2,-1.504634768E-2,4.881489515E-2,1.031669462E-1
4.455157083E-1,1.006046344E-2,-1.163921166E-2,2.131427050E-2,2.628654217E-2
4.554847083E-1,-7.365810648E-3,9.866080061E-4,-4.303960025E-2,4.367648969E-2
4.654537083E-1,-3.939155895E-2,3.951467939E-2,-3.092299998E-2,6.379135311E-2
4.754217083E-1,-1.215478990E-2,3.915324837E-2,-9.992891550E-3,4.219684416E-2
4.853907083E-1,5.846097372E-2,4.138439968E-2,-1.196808100E-2,7.261948050E-2
4.953597083E-1,1.127474009E-1,5.169877846E-2,-5.538482666E-3,1.241588293E-1
5.053277083E-1,1.125347450E-1,5.328662641E-2,2.352334857E-2,1.267157501E-1
5.152967083E-1,5.322084524E-2,4.449723803E-2,1.112432778E-2,7.025818976E-2
5.252657083E-1,3.337265443E-2,3.858457010E-2,-3.003480792E-2,5.919960135E-2
5.352337083E-1,-4.774763212E-3,2.835362379E-2,-4.606494963E-2,5.430198827E-2
5.452027083E-1,-2.130783856E-2,5.376258977E-3,-1.359886944E-2,2.584293704E-2
5.551717083E-1,1.168719538E-2,7.529751956E-4,7.642310858E-3,1.398436350E-2
5.651397083E-1,6.067005180E-2,2.368341610E-3,-1.302935064E-2,6.209853626E-2
5.751087083E-1,6.747635700E-2,9.178666770E-4,1.301707149E-2,6.872659880E-2
5.850777083E-1,5.656647585E-2,1.819306333E-2,6.151270866E-3,5.973769226E-2
5.950457083E-1,4.524615671E-2,4.191792157E-2,4.536854625E-3,6.184585593E-2
6.050147083E-1,3.345835268E-2,3.434935872E-2,-1.520100653E-2,5.030318487E-2
6.149837083E-1,1.605561364E-2,4.296895858E-2,-1.712941825E-2,4.896459027E-2
6.249527083E-1,-2.944803983E-4,1.334334246E-1,-2.174216974E-1,2.551014701E-1
6.349207083E-1,1.142888366E-1,2.285566963E-1,2.656828612E-1,3.686291963E-1
6.448897083E-1,-9.107615791E-2,-5.907007087E-2,-1.361541706E-1,1.741324151E-1
6.548587083E-1,-4.373117968E-2,-8.631688982E-2,-1.668345112E-1,1.928646563E-1
6.648267083E-1,1.110203161E-1,4.772968847E-2,1.422686040E-1,1.866654479E-1
6.747957083E-1,9.848359343E-2,-1.707226172E-2,1.345339072E-1,1.676002759E-1
6.847647083E-1,2.111875422E-1,-4.284254909E-3,-1.706159055E-2,2.119189248E-1
6.947327083E-1,4.758639514E-2,-1.616079044E-2,-4.024229228E-2,6.438228202E-2
7.047017083E-1,-5.632308550E-2,-1.375898448E-1,-6.782770157E-3,1.488262790E-1
7.146707083E-1,-9.695151329E-2,-4.202390235E-2,2.584083402E-1,2.791782130E-1
7.246387083E-1,1.202998108E-1,1.046986720E-1,-2.841910529E-1,3.258809767E-1
7.346077083E-1,1.154222097E-2,9.434255876E-2,6.544496119E-2,1.153983718E-1
7.445767083E-1,4.514214937E-2,5.725684930E-2,-4.969782472E-2,8.823850759E-2
7.545450833E-1,5.558275491E-2,1.034155006E-1,6.859661043E-2,1.359768486E-1
7.645140833E-1,8.086048745E-2,1.183414687E-1,-1.071303463E-1,1.789414226E-1
7.744830833E-1,2.149458401E-2,9.075960428E-2,7.770189464E-2,1.213956644E-1
7.844510833E-1,-1.643396504E-3,3.389265463E-2,-9.480266154E-2,1.006923901E-1
7.944200833E-1,-5.650456846E-3,2.012750499E-2,-5.919662654E-2,6.277965207E-2
8.043890833E-1,-1.144033324E-2,5.074542649E-3,6.680268466E-2,6.796492394E-2
8.143570833E-1,2.062696684E-2,-7.037778195E-2,1.299426734E-2,7.448056751E-2
8.243260833E-1,1.380723863E-1,-1.257279273E-2,-8.043663740E-2,1.602875903E-1
8.342950833E-1,9.807644449E-2,-3.001302704E-3,1.097604239E-1,1.472254986E-1
8.442630833E-1,2.490811542E-2,-2.658027291E-2,1.302145690E-1,1.352137533E-1
8.542320833E-1,2.389303878E-2,9.206806496E-3,-9.593760610E-2,9.929585516E-2
8.642010833E-1,2.174762227E-2,6.697967257E-2,-1.356179810E-1,1.528118856E-1
8.741700833E-1,-3.088437181E-2,3.700706441E-2,8.171016097E-2,9.486789575E-2
8.841380833E-1,2.218210693E-2,1.784098785E-2,3.124050379E-2,4.226482926E-2
8.941070833E-1,1.136361777E-1,1.847764000E-2,-8.822395921E-2,1.450450656E-1
9.040760833E-1,8.913612485E-2,2.788701598E-2,3.350863874E-2,9.922581964E-2
9.140440833E-1,3.262885205E-2,4.292828389E-2,9.372794330E-2,1.081314334E-1
9.240130833E-1,1.198602464E-2,3.083686318E-2,-9.412672341E-2,9.977182457E-2
9.339820833E-1,-1.094715714E-2,2.996745531E-2,-9.759353757E-2,1.026761277E-1
9.439500833E-1,-4.381062873E-3,1.252360303E-2,6.628403664E-2,6.759887468E-2
9.539190833E-1,3.654458620E-2,-1.175882377E-2,-1.415610909E-3,3.841589086E-2
9.638880833E-1,7.842833810E-2,-1.607399583E-2,-5.590990663E-2,9.764883623E-2
9.738560833E-1,6.720128205E-2,3.514103517E-3,8.259075165E-2,1.065344709E-1
9.838250833E-1,5.524317786E-2,2.755536921E-2,7.395558357E-2,9.633553557E-2
9.937940833E-1,3.666832790E-2,2.739073355E-2,-9.877467513E-2,1.088634695E-1
1.003762083E0,1.220810920E-2,4.613964781E-2,-6.988826036E-2,8.463021900E-2
1.013731083E0,2.137742043E-3,4.208909880E-2,3.832499027E-2,5.696373459E-2
1.023700083E0,5.138745077E-2,4.056261007E-2,-1.873857200E-2,6.809647210E-2
1.033668083E0,7.082882155E-2,5.721562643E-2,-4.703792632E-2,1.024837372E-1
1.043637083E0,7.160825539E-2,6.359062638E-2,1.072034365E-1,1.437500845E-1
1.053606083E0,1.160573270E-1,1.172381356E-1,2.300306332E-1,2.830692067E-1
1.063575083E0,2.367950212E-1,3.038920035E-1,2.435891569E-1,4.558046832E-1
1.073543083E0,2.855696436E-1,4.919466085E-1,2.109587699E-1,6.066836816E-1
1.083512083E0,2.141058510E-1,5.796430026E-1,1.026110333E-1,6.263835487E-1
1.093481083E0,1.087415466E-1,6.663106889E-1,-1.218238145E-1,6.860289351E-1
1.103449083E0,-6.498646639E-2,5.966287987E-1,-4.137811393E-1,7.289746192E-1
1.113418083E0,-1.442223415E-1,6.393756361E-1,-2.054612178E-1,6.868883460E-1
1.123387083E0,-1.736221784E-1,5.833961476E-1,-2.543883795E-1,6.597038529E-1
1.133355083E0,-3.111325741E-1,3.885969987E-1,-5.221253675E-1,7.214055763E-1
1.143324083E0,-3.148437288E-1,2.684545511E-1,-2.198079461E-1,4.685188926E-1
1.153293083E0,-1.650140902E-1,2.258414686E-1,6.237107992E-2,2.865731504E-1
1.163261083E0,-2.403158125E-2,1.172716475E-1,5.198759437E-3,1.198214643E-1
1.173230083E0,9.036082417E-2,3.456921402E-2,-1.392333144E-1,1.695465274E-1
1.183199083E0,1.327922774E-1,2.026754580E-3,2.096425617E-1,2.481690963E-1
1.193167083E0,4.602672346E-2,-9.517797969E-2,4.508647656E-1,4.630943144E-1
1.203136083E0,-6.005719051E-2,-2.822502889E-1,1.087862778E-1,3.083934921E-1
1.213105083E0,-2.508345880E-2,-2.956832071E-1,-1.912641782E-1,3.530435167E-1
1.223073083E0,-2.449818905E-2,-2.448432384E-1,1.798732173E-1,3.047995194E-1
1.233042083E0,-1.786243252E-1,-2.684601059E-1,1.891925097E-1,3.738599788E-1
1.243011083E0,-1.889388136E-1,-3.527453807E-1,-3.225616515E-1,5.139778184E-1
1.252979083E0,-6.687657885E-2,-2.851175808E-1,-2.046969867E-1,3.573029079E-1
1.262948083E0,1.519681481E-1,-1.970372438E-1,2.186162835E-1,3.312266187E-1
1.272917083E0,2.742970159E-1,-1.687347466E-1,2.275233471E-1,3.943058979E-1
1.282886083E0,3.101765178E-1,-1.990837693E-1,2.426419079E-2,3.693677982E-1
1.292854083E0,2.576889134E-1,-2.590978000E-1,-1.971330285E-1,4.152067883E-1
1.302823083E0,2.095472886E-1,-3.073164985E-1,1.252882898E-2,3.721699450E-1
1.312792083E0,2.158398794E-1,-2.717114867E-1,4.077392113E-1,5.354112905E-1
1.322760083E0,2.443138096E-1,-1.456266600E-1,3.962131798E-1,4.877307101E-1
1.332729083E0,2.587774457E-1,3.246604364E-2,-2.896886051E-2,2.624099946E-1
1.342698083E0,2.876763589E-1,2.232378132E-1,-3.713894105E-1,5.201181625E-1
1.352666083E0,2.820555767E-1,3.433067686E-1,-3.698030609E-1,5.780736887E-1
1.362635083E0,-6.270407885E-3,7.457571734E-2,-2.178614080E-1,2.303572198E-1
1.372604083E0,-2.264645626E-1,-2.705562231E-1,-5.584851086E-2,3.572197141E-1
1.382572083E0,-2.641048804E-1,-3.553445411E-1,3.280323064E-1,5.510229803E-1
1.392541083E0,-2.146255954E-1,-2.939868568E-1,4.530779368E-1,5.811815852E-1
1.402510083E0,-1.320469402E-1,-1.646363966E-1,-1.234815001E-2,2.114095890E-1
1.412478083E0,-4.759783376E-2,-2.041343383E-2,-3.896151817E-1,3.930423029E-1
1.422447083E0,-1.300238036E-2,2.598107949E-2,-2.767077863E-1,2.782288220E-1
1.432416083E0,1.223138843E-2,-3.610586230E-2,-3.036868393E-2,4.873907179E-2
1.442384083E0,7.210808270E-2,-1.056992768E-1,1.748411036E-1,2.166594660E-1
1.452353083E0,1.212567077E-1,-9.408955704E-2,1.490689158E-1,2.139569479E-1
1.462322083E0,1.235367198E-1,-9.012130760E-3,1.253122634E-1,1.761979086E-1
1.472290083E0,7.094229408E-2,5.212800063E-2,-1.538694799E-2,8.936943385E-2
1.482259083E0,1.351423100E-2,9.305624440E-2,-1.245971489E-1,1.560978814E-1
1.492228083E0,-1.485978495E-2,1.259864473E-1,-6.428955138E-2,1.422200567E-1
1.502196083E0,-2.373578522E-2,8.943685446E-2,-3.424363375E-2,9.866592567E-2
1.512165083E0,-5.074469559E-3,1.036337844E-1,-2.482143044E-2,1.066855891E-1
1.522134083E0,3.345769487E-2,1.406756398E-1,-4.301796556E-3,1.446636044E-1
1.532103083E0,4.329804718E-2,1.511665314E-1,4.583164573E-2,1.637882195E-1
1.542071083E0,5.140309207E-2,1.345241862E-1,-7.484260619E-2,1.622974129E-1
1.552040083E0,3.526126854E-2,1.765411815E-1,-4.892716169E-2,1.865583367E-1
1.562009083E0,2.921532065E-2,2.059057523E-1,7.357025206E-2,2.205975879E-1
1.571977083E0,3.453913741E-3,1.907700884E-1,-1.516943157E-2,1.914034164E-1
1.581946083E0,-2.657091737E-2,1.544780289E-1,-1.181681353E-1,1.962987092E-1
1.591915083E0,-6.084671080E-2,1.129791699E-1,-3.376650095E-2,1.326905861E-1
1.601883083E0,-4.878993485E-2,1.128106605E-1,4.268759787E-2,1.301112365E-1
1.611852083E0,-3.991894126E-3,1.286772629E-1,-9.796775937E-2,1.617759410E-1
1.621821083E0,4.058497567E-2,8.782565419E-2,-1.542454559E-1,1.820773090E-1
1.631789083E0,1.431642148E-1,1.542162563E-1,1.220080018E-2,2.107783329E-1
1.641758083E0,9.884414736E-2,1.252290502E-1,2.465390772E-1,2.936562566E-1
1.651727083E0,3.672522862E-2,9.447894506E-3,-8.373212814E-2,9.191884688E-2
1.661695083E0,-1.269090649E-2,-6.075527497E-2,-1.739727920E-1,1.847127362E-1
1.671664083E0,1.478844892E-2,-5.085363653E-2,1.320143420E-1,1.422412635E-1
1.681633083E0,9.538928345E-2,1.605546746E-2,2.070557535E-1,2.285366021E-1
1.691602083E0,1.065632760E-1,6.210053656E-2,-1.074952126E-2,1.238053337E-1
1.701570083E0,8.576049071E-2,9.553436749E-2,-1.435263401E-1,1.925655407E-1
1.711539083E0,7.520608373E-2,1.395547285E-1,-7.807670116E-2,1.767128987E-1
1.721508083E0,9.985312097E-2,1.464229411E-1,1.158707643E-1,2.117459739E-1
1.731476083E0,1.056830873E-1,7.235271558E-2,-4.696951389E-2,1.364183479E-1
1.741445083E0,2.515249249E-2,-4.626587458E-2,-1.759345329E-1,1.836467775E-1
1.751414083E0,-2.665657908E-2,-6.179911260E-2,5.937379718E-2,8.974938059E-2
1.761382583E0,7.821334329E-2,6.816556100E-2,1.292877853E-1,1.657685199E-1
1.771351583E0,1.122872616E-1,1.365670571E-1,1.142838299E-2,1.771710985E-1
1.781320583E0,7.793870687E-2,1.107407461E-1,-1.974938017E-1,2.394613885E-1
1.791288583E0,7.874043323E-3,1.024572150E-1,-1.378358299E-1,1.719249762E-1
1.801257583E0,1.666460115E-2,1.131430382E-1,2.631907779E-1,2.869641817E-1
1.811226583E0,1.290063880E-2,8.262133989E-2,1.719783068E-1,1.912308821E-1
1.821194583E0,-2.694674715E-2,6.456722103E-2,-9.911615252E-2,1.213221534E-1
1.831163583E0,-3.929423936E-2,5.178670596E-2,-1.148866779E-1,1.320032155E-1
1.841132583E0,-7.683796853E-2,6.353284858E-2,1.155941910E-1,1.526516074E-1
1.851101583E0,-2.017613555E-1,-7.792949751E-3,2.140080929E-1,2.942241296E-1
1.861069583E0,-1.533429747E-1,7.893679004E-2,-2.884548426E-2,1.748632227E-1
1.871038583E0,2.252862755E-2,2.799848218E-1,-3.207455063E-1,4.263528108E-1
1.881007583E0,5.940047510E-2,3.486585058E-1,-2.823152661E-1,4.525406939E-1
1.890975583E0,1.171695405E-1,3.689403042E-1,-1.373002249E-1,4.107274048E-1
1.900944583E0,1.250112414E-1,2.718032515E-1,5.760852277E-2,3.046695913E-1
1.910913583E0,6.959714212E-2,1.778690842E-1,4.447976947E-3,1.910522384E-1
1.920881583E0,-4.408778675E-2,4.796266347E-2,1.860934854E-1,1.971672775E-1
1.930850583E0,-6.619161408E-2,2.066691063E-2,3.273429197E-1,3.346069904E-1
1.940819583E0,2.870076932E-1,4.148978113E-1,1.514715368E-1,5.267420965E-1
1.950787583E0,2.651759807E-1,6.505514925E-1,-8.591197014E-2,7.077544855E-1
1.960756583E0,6.961884990E-2,5.225904404E-1,-6.767076230E-1,8.578349257E-1
1.970725583E0,2.651200667E-2,3.105024270E-1,-5.612233597E-1,6.419394856E-1
1.980694583E0,2.736427490E-2,1.141722943E-1,1.095680505E-1,1.605903920E-1
1.990662583E0,-1.243757221E-1,-1.693940567E-1,5.521537435E-1,5.907938923E-1
2.000631583E0,1.387763545E-3,-1.641362770E-1,2.053448582E-1,2.628861999E-1
2.010600583E0,1.743107611E-1,-7.820760570E-3,-4.617195368E-2,1.804917035E-1
2.020568583E0,2.855482282E-1,1.598183275E-1,-4.289225042E-1,5.394943957E-1
2.030537583E0,2.446870812E-1,1.209028050E-1,-1.296766251E-1,3.021676407E-1
2.040506583E0,2.852352194E-2,-7.913311031E-2,2.149494946E-1,2.308222816E-1
2.050474583E0,-1.238298115E-1,-2.871040261E-1,1.988854390E-1,3.705643829E-1
2.060443583E0,-6.909271013E-2,-3.092555813E-1,1.819039553E-1,3.653790719E-1
2.070412583E0,3.180077668E-2,-1.800196536E-1,-3.529379368E-2,1.861827514E-1
2.080380583E0,-1.078415139E-1,-2.065109026E-1,2.438306469E-1,3.372386831E-1
2.090349583E0,-1.641440611E-1,-1.195544370E-1,1.486087400E-1,2.516368292E-1
2.100318583E0,-1.597200942E-1,1.094349898E-1,-1.295637739E-1,2.329663001E-1
2.110287583E0,3.664523140E-3,2.092152764E-1,-4.362093043E-1,4.838005971E-1
2.120255583E0,5.104458466E-2,2.472834277E-1,-4.784940290E-1,5.410278912E-1
2.130224583E0,-4.779846635E-2,9.916464787E-2,9.319409251E-2,1.442340447E-1
2.140193583E0,2.330623414E-2,-3.707690209E-2,1.516428602E-1,1.578399007E-1
2.150161583E0,6.785887454E-2,4.244387861E-2,2.052670902E-1,2.203199673E-1
2.160130583E0,9.072152428E-2,2.394154143E-1,2.844179249E-1,3.826796200E-1
2.170099583E0,1.519093105E-1,3.428879618E-1,-5.104268432E-2,3.784890336E-1
2.180067583E0,3.375561051E-2,1.592892275E-1,-4.222233492E-1,4.525318286E-1
2.190036583E0,6.302041322E-2,4.410123535E-2,-8.198965788E-2,1.124223974E-1
2.200005583E0,3.192732139E-1,1.917697430E-1,3.228300387E-1,4.928795526E-1
2.209974583E0,3.991997183E-1,1.626533134E-1,1.428112257E-1,4.541052319E-1
2.219942583E0,4.201420328E-1,2.552703588E-1,-4.125731045E-1,6.417934640E-1
2.229911583E0,2.375200394E-1,2.711333798E-1,-1.588507229E-1,3.939068810E-1
2.239880583E0,-7.097987705E-1,-1.867978190E-1,2.545877695E-1,7.768672037E-1
2.249848583E0,-6.480197943E-1,-3.331338194E-1,9.036170125E-2,7.342159304E-1
2.259817583E0,-3.732862473E-1,-6.560824469E-2,-6.275348783E-2,3.841680158E-1
2.269786583E0,-2.512362917E-1,-8.874863718E-2,-2.783350664E-1,3.853133842E-1
2.279754583E0,-9.254841372E-2,-8.561858609E-3,1.820384413E-1,2.043930244E-1
2.289723583E0,-5.715817753E-2,-9.648636729E-3,4.590081829E-1,4.626539370E-1
2.299692583E0,2.461896329E-1,4.218612604E-2,-1.464212966E-1,2.895310013E-1
2.309660583E0,4.946004038E-1,3.626225339E-1,-5.633844906E-1,8.327825321E-1
2.319629583E0,2.592789906E-1,4.332726865E-1,-2.612775689E-1,5.685215773E-1
2.329598583E0,2.150465949E-1,1.131307225E-1,-1.744277054E-1,2.991130602E-1
2.339567583E0,2.717288091E-1,-1.432768833E-1,-1.188195151E-1,3.293674060E-1
2.349535583E0,-1.097160581E-2,-1.794972779E-1,1.283901207E0,1.296434325E0
2.359504583E0,-3.459231418E-1,-3.106301521E-1,2.561647636E-1,5.308241682E-1
2.369473583E0,-3.521966926E-1,-3.851236795E-1,-5.238321698E-1,7.394341762E-1
2.379441583E0,1.355393725E-1,2.753060260E-1,-4.397234809E-1,5.362099114E-1
2.389410583E0,2.337893696E-1,8.205057856E-1,3.071834743E-2,8.537158956E-1
2.399379583E0,6.786307722E-2,2.014365792E-2,-3.808870429E-1,3.874094780E-1
2.409347583E0,-1.223542301E-1,-6.676320134E-1,-2.145051062E-1,7.118395209E-1
2.419316583E0,-2.266211218E-1,-3.223701552E-1,1.365747024E0,1.421458611E0
2.429285583E0,-1.353392150E-1,1.812673397E-3,4.299270558E-1,4.507296997E-1
2.439253583E0,-2.552096940E-1,-4.447048701E-2,-1.060656268E0,1.091833930E0
2.449222583E0,-2.231634073E-1,9.404365640E-2,-8.467212653E-1,8.806719121E-1
2.459191583E0,-2.002026340E-1,6.114681914E-2,1.527778047E-1,2.591545596E-1
2.469160583E0,1.531867444E-1,-2.079109088E-1,6.789465219E-1,7.264031279E-1
2.479128583E0,8.191279623E-1,-1.180468421E-1,2.333653003E-1,8.598633839E-1
2.489097583E0,1.111026011E0,3.602302552E-1,3.145082814E-1,1.209570210E0
2.499066583E0,2.055869329E-1,2.732431283E-1,2.908405066E-2,3.431816955E-1
2.509034583E0,3.043654818E-2,4.115234927E-1,-2.176719582E-1,4.665394409E-1
2.519003583E0,1.086529613E-1,5.749539742E-1,-7.465146071E-1,9.485049273E-1
2.528972583E0,9.792090856E-2,4.622311682E-1,-1.928516972E-1,5.103312006E-1
2.538940583E0,2.172130980E-2,2.580307563E-1,1.309074640E-1,2.901524610E-1
2.548909583E0,-2.322356913E-2,1.643129725E-1,1.350893927E-1,2.139795109E-1
2.558878583E0,1.447580561E-1,1.898500656E-1,4.087203741E-4,2.387427680E-1
2.568846583E0,-4.266439173E-2,1.382107826E-1,9.437055230E-2,1.727086329E-1
2.578815583E0,-1.163321827E-1,7.788893245E-2,3.417726785E-1,3.693351138E-1
2.588784583E0,-1.572802339E-2,2.358485762E-1,-1.840750265E-1,2.995922846E-1
2.598753583E0,-6.339900582E-1,-2.026575875E-1,-2.536136234E-1,7.122733756E-1
2.608721583E0,-5.408668266E-1,-6.906318169E-2,-3.833551526E-2,5.466042983E-1
2.618690583E0,-2.873924766E-1,-9.071501926E-2,-1.044400424E-1,3.189535589E-1
2.628659583E0,-4.010729469E-2,-1.066735691E-1,-1.394210100E-2,1.148138825E-1
2.638627583E0,2.874404237E-1,7.751715917E-2,4.166942221E-1,5.121181328E-1
2.648596583E0,2.091358273E-1,2.803199769E-1,3.626636106E-1,5.038273297E-1
2.658565583E0,3.272195800E-1,2.603189179E-1,-4.275115710E-1,5.980006153E-1
2.668533583E0,5.220126259E-1,2.531470521E-1,-6.495490605E-1,8.709159509E-1
2.678502583E0,1.699090137E-1,-9.200327050E-2,3.168091607E-1,3.710818226E-1
2.688471583E0,1.957979630E-1,8.925741803E-2,5.970106584E-1,6.346065357E-1
2.698439583E0,1.468957251E-1,1.836785853E-2,1.856882733E-1,2.374781403E-1
2.708408583E0,1.225571650E-1,-1.242980273E-1,-4.661669290E-1,4.977769219E-1
2.718377583E0,-2.054593905E-1,-1.811691796E-1,-2.451684898E-1,3.676185811E-1
2.728346583E0,-4.278872547E-1,-5.288221836E-2,4.049120826E-1,5.914709006E-1
2.738314583E0,-6.720117241E-2,2.356583225E-1,-4.019025207E-2,2.483265972E-1
2.748283583E0,-2.638913840E-1,5.649075441E-2,-6.652195984E-1,7.178767178E-1
2.758251833E0,-4.052190614E-1,-2.127918720E-1,-6.268478304E-1,7.761578905E-1
2.768219833E0,-1.063660787E-1,-1.500552680E-1,6.515476388E-1,6.770115595E-1
2.778188833E0,1.137067828E-1,-6.377137844E-2,9.806160718E-1,9.892441061E-1
2.788157833E0,2.500822340E-1,-6.140490063E-3,-1.206929630E-1,2.777510049E-1
2.798125833E0,5.616680405E-1,7.084935989E-2,-6.829261369E-1,8.870618512E-1
2.808094833E0,6.406039900E-1,2.046940631E-1,-1.400536788E-1,6.869411651E-1
2.818063833E0,4.340489774E-1,3.158749949E-1,5.354874247E-1,7.582363149E-1
2.828032833E0,1.064625212E-1,2.447785902E-1,3.267932814E-1,4.219534043E-1
2.838000833E0,-1.260301553E-2,4.910078745E-2,-6.778244412E-1,6.797173651E-1
2.847969833E0,-4.850100931E-2,-1.386668288E-1,-6.831880921E-1,6.988038398E-1
2.857938833E0,-1.567459445E-2,-1.741158295E-1,4.915619713E-1,5.217232855E-1
2.867906833E0,1.601663099E-1,-1.582158249E-1,1.011084743E0,1.035846442E0
2.877875833E0,-1.877690781E-2,-9.215898916E-2,4.471278101E-1,4.569126067E-1
2.887844833E0,-1.400250274E-1,1.904474683E-1,-6.221028149E-1,6.654991802E-1
2.897812833E0,-3.856997399E-1,8.198914625E-2,-1.369220855E0,1.424869207E0
2.907781833E0,-5.648991753E-1,-1.457440794E-1,-6.477662444E-2,5.869824750E-1
2.917750833E0,-5.604607731E-1,-4.256877879E-1,8.055030727E-1,1.069654884E0
2.927718833E0,-2.558648745E-1,-2.393575634E-1,6.265478683E-1,7.178586967E-1
2.937687833E0,3.876728463E-1,3.628935158E-1,-3.094188648E-1,6.145908993E-1
2.947656833E0,4.996552121E-1,6.619071507E-1,-9.598303896E-1,1.268483655E0
2.957625833E0,2.060405672E-1,3.361075305E-1,-1.085085350E-1,4.088949615E-1
2.967593833E0,1.585658904E-2,-2.105472356E-1,-1.226395011E-2,2.114993482E-1
2.977562833E0,-2.049919787E-1,-5.000274239E-1,5.844941086E-1,7.960417696E-1
2.987531833E0,-5.196826201E-2,-4.356720548E-1,6.291001779E-1,7.669927467E-1
2.997499833E0,3.206169041E-1,-1.114158803E-1,2.615284145E-1,4.284924844E-1
3.007468833E0,2.417311310E-1,1.529766832E-1,-2.016511720E-1,3.499985721E-1
3.017437833E0,2.277584052E-1,3.550269277E-1,-4.590479439E-1,6.234124039E-1
3.027405833E0,1.170661910E-1,3.677454622E-1,-3.508235836E-1,5.215538370E-1
3.037374833E0,2.188294876E-2,2.194727544E-1,-3.090428889E-2,2.227155775E-1
3.047343833E0,4.080928948E-2,1.371574797E-1,8.063251913E-2,1.642533881E-1
3.057311833E0,8.461538661E-2,5.011041887E-2,-6.706405520E-2,1.190311104E-1
3.067280833E0,1.584198928E-1,7.494354375E-2,-4.271624923E-2,1.803831342E-1
3.077249833E0,1.215768427E-1,4.546608511E-2,1.189306122E-1,1.760471076E-1
3.087218833E0,-2.197867499E-1,-1.635914626E-1,5.578424996E-1,6.214954839E-1
3.097186833E0,-4.088270492E-1,-2.211854039E-1,2.035877699E-1,5.074549430E-1
3.107155833E0,-3.231350441E-1,-1.068979560E-1,-4.718276185E-1,5.817772179E-1
3.117124833E0,-2.367646522E-1,-1.834517133E-1,-4.759791416E-1,5.623772532E-1
3.127092833E0,-1.397313510E-1,-1.403568569E-1,2.583960611E-1,3.255663098E-1
3.137061833E0,8.985467456E-2,6.934596766E-2,6.566926038E-1,6.664292173E-1
3.147030833E0,4.230632287E-1,4.430163404E-1,5.282842398E-2,6.148469856E-1
3.156999833E0,8.924481728E-1,5.761650422E-1,-8.719104856E-1,1.374284465E0
3.166967833E0,2.983697469E-1,4.921806067E-2,-5.075336409E-1,5.907938049E-1
3.176936833E0,2.389520956E-1,5.611455917E-2,6.365278959E-1,6.822130972E-1
3.186905833E0,2.456329049E-1,6.663125161E-2,6.776981413E-1,7.239129909E-1
3.196873833E0,-2.573016085E-2,-3.501976392E-1,-1.576438576E-1,3.849052007E-1
3.206842833E0,1.482534120E-1,-1.418364217E-1,-3.592704713E-2,2.082964172E-1
3.216811833E0,2.303164524E-1,4.658496445E-1,6.439333946E-1,8.274731271E-1
3.226779833E0,-1.780396036E-1,5.546092452E-1,1.137850624E-1,5.934952028E-1
3.236748833E0,-7.797130510E-2,5.543792303E-1,-1.351226048E0,1.462609890E0
3.246717833E0,-1.665082365E-1,4.768635330E-1,-1.075107661E0,1.187846920E0
3.256685833E0,-7.038406040E-1,2.637013860E-2,3.517345798E-1,7.872764411E-1
3.266654833E0,-5.572119140E-1,-4.437595946E-1,8.175752342E-1,1.084360161E0
3.276623833E0,1.035220295E-2,-2.232014508E-1,5.520151645E-1,5.955222897E-1
3.286592833E0,4.490057531E-1,4.701745375E-1,-1.944725454E-2,6.504217537E-1
3.296560833E0,4.315016014E-1,7.929716125E-1,-3.093890440E-1,9.543160854E-1
3.306529833E0,1.033016260E-1,4.904385019E-1,-7.264908171E-1,8.826041340E-1
3.316498833E0,8.799310382E-2,2.913166161E-1,-7.198782009E-1,7.815579193E-1
3.326466833E0,-9.158742383E-2,-2.236320617E-1,1.097019517E-1,2.653941850E-1
3.336435833E0,-2.169625813E-1,-3.443747260E-1,9.267696476E-1,1.012209807E0
3.346404833E0,1.730688125E-2,7.071354369E-1,5.969252890E-1,9.255592120E-1
3.356372833E0,-4.980968195E-1,-9.089240916E-2,-1.113059599E0,1.222809692E0
3.366341833E0,-5.085685980E-1,-8.296814556E-1,-5.303225791E-1,1.108266834E0
3.376310833E0,-1.220995107E-1,5.676740080E-2,1.422497175E0,1.428855851E0
3.386279833E0,2.834346059E-1,4.213243764E-1,7.484628993E-1,9.044590193E-1
3.396247833E0,1.740311911E-1,2.157133602E-1,-5.297138840E-1,5.978427119E-1
3.406216833E0,5.204680473E-1,7.108594555E-1,-1.505401338E0,1.744259540E0
3.416185833E0,-1.664259735E-1,-5.956178516E-2,-7.814365178E-1,8.011792823E-1
3.426153833E0,-1.958492358E-1,-2.385920533E-1,7.399201173E-1,8.017261820E-1
3.436122833E0,1.806866381E-1,-1.112861086E-1,1.280321542E0,1.297788700E0
3.446091833E0,6.903860146E-1,5.286866744E-1,8.193679905E-1,1.194782973E0
3.456059833E0,6.091152719E-1,6.358545160E-1,-8.665175986E-1,1.235388655E0
3.466028833E0,1.435738853E-1,5.726957795E-1,-1.280079467E0,1.409679878E0
3.475997833E0,2.014402703E-1,4.077168457E-1,-4.794553113E-1,6.608241856E-1
3.485966833E0,2.235548053E-1,3.481100735E-1,6.838979441E-1,7.992957977E-1
3.495934833E0,-4.078001685E-2,-3.333340500E-2,4.807797056E-1,4.836561289E-1
3.505903833E0,-3.372224849E-1,-4.574899168E-1,-4.061926228E-1,6.985760339E-1
3.515872833E0,-1.753634426E-1,-4.824153546E-1,-2.317649174E-1,5.631979122E-1
3.525840833E0,-2.947452406E-1,-2.791662481E-1,1.187434428E0,1.254913970E0
3.535809833E0,-3.528411654E-1,-3.728782578E-1,7.301061505E-1,8.925189489E-1
3.545778833E0,-3.842461221E-2,-7.858029261E-2,-8.148486775E-1,8.195301584E-1
3.555747833E0,2.031683418E-1,5.785593309E-2,-1.158369089E0,1.177473409E0
3.565715833E0,2.179570465E-1,-3.358739343E-2,-1.518369877E-1,2.677458832E-1
3.575684833E0,-1.080736849E-1,-2.844847293E-1,7.039948243E-1,7.669551455E-1
3.585653833E0,-1.045097339E-1,-3.011495132E-1,3.495430434E-1,4.730683386E-1
3.595621833E0,-9.250481542E-2,-4.150815966E-1,-3.148743170E-1,5.291462068E-1
3.605590833E0,1.024663147E-1,-3.393840178E-1,-1.338497829E-1,3.789414488E-1
3.615559833E0,5.383842085E-2,-2.191735597E-1,6.334078217E-1,6.724143762E-1
3.625527833E0,1.532914461E-1,-1.497636016E-1,4.780180657E-1,5.238594038E-1
3.635496833E0,4.765801257E-1,4.058725243E-1,-1.401589286E-1,6.414870595E-1
3.645465833E0,1.099614585E-1,3.342868537E-1,-8.045406210E-1,8.781371384E-1
3.655434833E0,-3.054925326E-2,1.305989503E-1,-3.947028440E-1,4.168688976E-1
3.665402833E0,-8.549162842E-2,-3.913610872E-2,3.094095093E-1,3.233801138E-1
3.675371833E0,4.515512288E-4,-9.737532679E-2,1.238674164E-1,1.575604487E-1
3.685340833E0,2.070782287E-1,1.518732405E-1,4.984225094E-2,2.615934326E-1
3.695308833E0,5.798164822E-2,2.698566768E-1,8.059217334E-3,2.761330269E-1
3.705277833E0,1.211846408E-1,-2.909380820E-2,-4.356514800E-1,4.531273318E-1
3.715246833E0,-3.519804552E-3,-1.718551863E-1,1.174272931E-1,2.081724363E-1
3.725214833E0,3.187069476E-1,2.693050651E-1,3.556826198E-1,5.482786359E-1
3.735183833E0,3.694142941E-1,3.470107970E-1,-9.362854064E-2,5.154121822E-1
3.745152833E0,-3.595905333E-1,-2.885819464E-1,-2.114084208E-1,5.072261939E-1
3.755121833E0,-5.719769740E-1,-7.285871170E-1,-2.385090959E-1,9.564953919E-1
3.765090833E0,-3.230424022E-1,-4.240392020E-1,6.044073862E-1,8.058994521E-1
3.775059833E0,-2.059924738E-1,-2.180621502E-1,4.518020743E-1,5.423182783E-1
3.785028833E0,-9.967467126E-2,4.186025340E-2,-1.506073183E-1,1.853911681E-1
3.794996833E0,3.741834294E-2,2.587491963E-1,-5.833813834E-1,6.392848485E-1
3.804965833E0,3.255985491E-3,7.594089601E-2,-4.402240026E-1,4.467379473E-1
3.814934833E0,2.492325971E-1,1.742416178E-1,-1.341117382E-2,3.043959402E-1
3.824903833E0,2.523252625E-1,1.276649637E-1,3.694791251E-1,4.652754076E-1
3.834871833E0,1.873959526E-2,-2.222895044E-1,2.712172508E-2,2.247206803E-1
3.844840833E0,-8.194642503E-2,-2.258048870E-1,1.101937026E-1,2.642834003E-1
3.854809833E0,1.235428959E-2,-1.207231127E-1,3.919885665E-1,4.103434351E-1
3.864777833E0,6.394953579E-3,-1.831145117E-1,1.035729003E-1,2.104736694E-1
3.874746833E0,2.368888324E-1,5.349855144E-2,1.370938182E-2,2.432413639E-1
3.884715833E0,6.803735349E-1,4.898865978E-1,-1.146229684E-1,8.461887795E-1
3.894683833E0,3.714937468E-1,2.191755697E-1,-1.254046494E-1,4.491902273E-1
3.904652833E0,6.644717395E-2,3.754285209E-2,-2.998417103E-1,3.094022365E-1
3.914621833E0,2.239062961E-1,-3.491430938E-2,-3.375720388E-1,4.065807666E-1
3.924590833E0,-7.978083562E-2,-4.434347453E-1,1.118888104E-1,4.642396589E-1
3.934558833E0,6.897448674E-3,-2.746975136E-1,8.422580856E-1,8.859486337E-1
3.944527833E0,2.345019259E-1,8.148164447E-2,4.640654397E-1,5.262956811E-1
3.954496833E0,5.459143259E-3,2.941596785E-1,-2.552841729E-1,3.895250026E-1
3.964464833E0,-9.430012990E-2,2.894211315E-1,-9.967292440E-1,1.042173830E0
3.974433833E0,-2.525226060E-2,4.828166929E-1,-5.783276349E-1,7.537987058E-1
3.984402833E0,-1.950569746E-1,9.818096347E-3,7.836730778E-2,2.104401418E-1
3.994370833E0,-6.990664986E-1,-7.298099890E-1,5.623623973E-1,1.156532773E0
4.004339833E0,-3.434154172E-1,-4.032337855E-1,5.431648189E-1,7.586564802E-1
4.014308833E0,3.559218806E-1,1.847758153E-1,-7.723002434E-2,4.083955970E-1
4.024277833E0,3.044548346E-1,4.263200547E-1,-1.444221336E-1,5.434144716E-1
4.034245833E0,1.509132373E-1,3.846023272E-1,-2.311661625E-1,4.734253372E-1
4.044214833E0,1.141099849E-1,1.837720311E-1,-5.453306276E-1,5.866674880E-1
4.054183833E0,-1.083379425E-2,1.391097554E-1,-3.785370469E-2,1.445745417E-1
4.064151833E0,2.521901187E-1,7.703059043E-1,1.115584427E-1,8.181786653E-1
4.074120833E0,-4.742407644E-1,2.502361254E-1,-2.409421223E-1,5.878567235E-1
4.084089833E0,-5.910680235E-1,-7.711857641E-1,-4.101184434E-1,1.054649718E0
4.094058833E0,-4.890118909E-1,-5.201699855E-1,1.084553254E0,1.298447228E0
4.104026833E0,2.449373786E-1,2.158521951E-1,9.733444744E-1,1.026638181E0
4.113995833E0,-1.464047782E-2,2.249839014E-1,-1.343918198E-1,2.624752573E-1
4.123964833E0,3.626822851E-1,8.286198936E-1,-1.206922613E0,1.508247845E0
4.133932833E0,1.183896351E-1,4.037081409E-1,-1.742791861E0,1.792852431E0
4.143901833E0,-2.620282418E-1,-2.060702053E-1,1.345368308E-1,3.594772424E-1
4.153870833E0,-1.821140897E-2,-3.604585890E-1,1.225302751E0,1.277352293E0
4.163839833E0,4.497230237E-1,-1.095911836E-1,1.216285760E0,1.301388518E0
4.173807833E0,6.121395980E-1,2.871612923E-1,2.296008629E-1,7.140679600E-1
4.183776833E0,3.425104875E-1,5.529310212E-1,-1.010365536E0,1.201617520E0
4.193745833E0,2.662814334E-1,5.229503000E-1,-8.992076272E-1,1.073758434E0
4.203713833E0,2.253410566E-1,3.426158835E-1,-1.436543941E-1,4.345121637E-1
4.213682833E0,1.616876092E-1,4.196983388E-2,2.699735481E-1,3.174745133E-1
4.223651833E0,-1.333797764E-1,-3.871160817E-1,1.531409168E-1,4.371511934E-1
4.233620833E0,-2.283812433E-1,-5.591274253E-1,1.236440527E-1,6.164976251E-1
4.243588833E0,-2.191688089E-1,-6.294736688E-1,4.163878280E-1,7.859076853E-1
4.253557833E0,-1.370544226E-1,-3.457585427E-1,9.090169162E-1,9.821632443E-1
4.263526833E0,-2.651130500E-1,-3.312206469E-1,3.088505155E-1,5.247672695E-1
4.273494833E0,6.718743145E-3,-5.597649179E-3,-9.007647407E-1,9.008071898E-1
4.283463833E0,2.527692854E-1,1.926435729E-1,-8.172717637E-1,8.768905254E-1
4.293432833E0,5.778715521E-2,-7.074760007E-2,-9.922608018E-2,1.348717658E-1
4.303400833E0,-4.616226923E-1,-4.208113563E-1,4.179443568E-1,7.515684885E-1
4.313369833E0,-3.701208571E-1,-5.058538454E-1,-1.150205791E-2,6.269049841E-1
4.323338833E0,-1.285964617E-1,-4.395126888E-1,-1.495934111E-1,4.817537153E-1
4.333307833E0,3.459251883E-1,-1.726513944E-1,1.379954588E-1,4.105063782E-1
4.343275833E0,5.819266693E-1,7.490087735E-2,4.730415004E-1,7.536690593E-1
4.353244833E0,2.047283789E-1,-2.602843828E-1,2.321046406E-1,4.043936612E-1
4.363213833E0,1.821718309E-1,-2.204948843E-1,1.914378405E-3,2.860213887E-1
4.373181833E0,1.830247935E-1,1.963422291E-1,5.478080928E-2,2.739512421E-1
4.383150833E0,1.759459350E-1,4.106563872E-1,-2.034573770E-1,4.909078779E-1
4.393119833E0,3.119489551E-2,3.290833800E-1,-3.613497412E-1,4.897373051E-1
4.403088833E0,-1.513964731E-1,4.326153863E-2,-4.226759237E-1,4.510514264E-1
4.413056833E0,-2.245016157E-1,-2.775447422E-1,-9.517512918E-2,3.694460239E-1
4.423025833E0,4.686313111E-2,-8.234524168E-3,4.563091081E-1,4.587831324E-1
4.432994833E0,2.976317186E-1,3.770203523E-1,4.005167305E-1,6.254139728E-1
4.442962833E0,2.329394768E-1,3.473492777E-1,-1.621760345E-1,4.485681517E-1
4.452931833E0,-5.960907452E-3,6.201173197E-2,-5.235526729E-1,5.272460418E-1
4.462900833E0,-1.899337539E-1,-1.749299447E-1,-6.401122391E-2,2.660314891E-1
4.472869833E0,-7.768530317E-2,1.071853101E-2,5.771698862E-1,5.824731503E-1
4.482837833E0,1.722895979E-1,4.702853788E-1,1.362138122E-1,5.190435875E-1
4.492806833E0,-4.672496141E-1,-6.989293814E-2,-4.702570564E-1,6.665950223E-1
4.502775833E0,-4.850747779E-1,-3.569283691E-1,-7.199466133E-1,9.386258716E-1
4.512743833E0,-2.140557111E-1,-1.446796486E-1,3.656293184E-1,4.477017385E-1
4.522712833E0,7.547878325E-3,-1.919604354E-3,8.051703662E-1,8.052080314E-1
4.532681833E0,3.411116873E-1,2.243918708E-1,1.011053753E-1,4.206318959E-1
4.542650833E0,1.071129508E-1,4.326584364E-1,-1.406103337E-1,4.673732692E-1
4.552618833E0,1.491875778E-1,2.951355057E-1,-7.141742420E-1,7.870239819E-1
4.562587833E0,1.302988785E-1,1.532673994E-1,-3.528899896E-1,4.062019673E-1
4.572556833E0,3.514225943E-1,2.953098624E-1,2.901920503E-1,5.430627778E-1
4.582524833E0,1.645085619E-1,9.346717576E-2,3.876920325E-1,4.313980666E-1
4.592493833E0,5.004069082E-2,-2.567399103E-2,-1.515247464E-2,5.824793594E-2
4.602462833E0,-3.207965232E-2,-1.394326496E-1,-4.885524094E-2,1.511866477E-1
4.612431833E0,-5.319047626E-2,-2.198293250E-1,3.061660588E-2,2.282357015E-1
4.622399833E0,-1.133226939E-1,-1.712248199E-1,4.434481573E-1,4.886780537E-1
4.632368833E0,1.929928709E-1,2.337984693E-1,3.238006765E-1,4.435705700E-1
4.642337833E0,5.123070154E-1,4.745924744E-1,-2.933606565E-1,7.574674709E-1
4.652305833E0,-2.209209636E-2,8.769577291E-2,-6.501390445E-1,6.563988014E-1
4.662274833E0,5.667220082E-2,-1.328866369E-1,-4.175666267E-1,4.418512016E-1
4.672243833E0,6.163308822E-2,-3.237465532E-1,1.889580363E-1,3.798889413E-1
4.682212833E0,6.470971037E-2,-2.783804920E-1,8.626058114E-1,9.087198857E-1
4.692180833E0,2.156184892E-1,-6.526201643E-2,3.477836162E-1,4.143717019E-1
4.702149833E0,1.592633171E-1,2.292388106E-1,-8.656218052E-2,2.922468948E-1
4.712118833E0,6.081908271E-2,2.009609082E-1,-7.857465005E-1,8.133153205E-1
4.722086833E0,-1.046845291E-2,2.375468635E-1,-3.675565606E-1,4.377624083E-1
4.732055833E0,-1.752088934E-2,-7.597645439E-2,1.686489022E-1,1.858005796E-1
4.742024833E0,-8.754670545E-3,-1.991528030E-1,4.744705600E-1,5.146462819E-1
4.751993833E0,-6.466293264E-2,-1.227205216E-1,3.396717739E-1,3.669039864E-1
4.761961000E0,-2.660717741E-1,-2.001980293E-1,-1.875383323E-1,3.821571222E-1
4.771930000E0,2.719532691E-2,2.221727063E-1,-2.290278357E-1,3.202406076E-1
4.781899000E0,1.111924801E-2,2.180448644E-1,-3.610790151E-1,4.219540920E-1
4.791867000E0,-1.216047997E-1,6.791128021E-2,-2.143174106E-1,2.556005121E-1
4.801836000E0,-3.144555833E-1,2.231348473E-1,-9.582533956E-2,3.973084063E-1
4.811805000E0,-1.403295942E-1,3.419961152E-1,-5.011999369E-1,6.227801495E-1
4.821773000E0,-4.548896234E-1,-5.052296186E-1,-2.143618494E-1,7.128341599E-1
4.831742000E0,-4.416639891E-1,-9.146108012E-1,7.574886614E-1,1.267031598E0
4.841711000E0,-3.480719570E-2,-3.142977450E-1,1.470415108E0,1.504032979E0
4.851680000E0,8.298145529E-1,5.431716528E-1,3.349571639E-1,1.046816096E0
4.861648000E0,5.966299681E-1,4.309138831E-1,-1.425023172E0,1.603853215E0
4.871617000E0,6.418656729E-2,1.390517766E-1,-1.516098234E0,1.523814020E0
4.881586000E0,-2.869658491E-1,-2.661799842E-1,1.275453150E-2,3.916169820E-1
4.891554000E0,-1.611863201E-1,-3.076870658E-1,1.128185177E0,1.180446591E0
4.901523000E0,-1.342841214E-1,-4.164155292E-1,5.342191637E-1,6.905246071E-1
4.911492000E0,-7.236064587E-2,-5.424828874E-1,-3.446372294E-1,6.467600529E-1
4.921461000E0,5.973787772E-1,1.482359982E-1,9.628259182E-2,6.229812614E-1
4.931429000E0,7.787200476E-1,9.417556228E-1,6.419909495E-1,1.380384347E0
4.941398000E0,2.312426514E-1,4.697555480E-1,-5.661537319E-1,7.711507550E-1
4.951367000E0,3.304857250E-2,1.901665461E-1,-1.189806644E0,1.205361096E0
4.961335000E0,-1.631551507E-1,-1.328901087E-1,-5.089170921E-1,5.507049944E-1
4.971304000E0,-2.726020542E-1,-3.781121005E-1,8.703516179E-1,9.873158458E-1
4.981273000E0,-3.134719720E-1,-5.381866091E-1,9.447030580E-1,1.131535846E0
4.991242000E0,4.230950229E-2,-3.598280033E-1,7.288846672E-2,3.695659813E-1
5.001210000E0,2.611051492E-1,-1.518472386E-1,-3.515404522E-1,4.634804984E-1
5.011179000E0,4.334913723E-2,-2.147767825E-1,1.979820442E-1,2.953051029E-1
5.021148000E0,-2.436774864E-1,-3.155781756E-1,4.094612163E-1,5.715127207E-1
5.031116000E0,-4.037810849E-1,-2.854991664E-1,-2.012436211E-2,4.949282054E-1
5.041085000E0,1.215371182E-1,6.301034505E-2,-7.939945829E-1,8.057102285E-1
5.051054000E0,2.038091601E-1,-4.998024523E-2,-6.611686474E-1,6.936715209E-1
5.061023000E0,5.584203142E-1,-6.618973201E-2,-2.738438201E-1,6.254636406E-1
5.070991000E0,2.380343020E-2,-5.108332247E-1,4.731923586E-1,6.967267721E-1
5.080960000E0,-5.167272180E-2,-7.101607132E-1,4.898037136E-1,8.642372282E-1
5.090929000E0,-2.063127916E-2,-6.547971558E-1,2.789852768E-1,7.120517886E-1
5.100897000E0,2.624117095E-2,-5.346149471E-1,1.210630918E-1,5.487786556E-1
5.110866000E0,2.015088289E-1,-2.586380444E-1,1.800568199E-1,3.740586913E-1
5.120835000E0,3.210101659E-1,3.264573589E-3,6.920413613E-2,3.284012736E-1
5.130804000E0,-1.839187231E-1,-2.057751950E-1,-1.441894144E-1,3.113841916E-1
5.140772000E0,-3.871267894E-1,-1.844743731E-1,-2.034158617E-1,4.746324454E-1
5.150741000E0,-2.217949396E-1,-2.163577599E-2,-2.277934885E-1,3.186706379E-1
5.160710000E0,-2.796999893E-1,-1.651108068E-1,-9.250704467E-2,3.377146959E-1
5.170678000E0,-1.091372934E-1,-1.935333364E-1,-1.742973125E-1,2.823927305E-1
5.180647000E0,2.636894723E-1,1.366362736E-2,1.730366528E-2,2.646096169E-1
5.190616000E0,3.467372569E-1,7.125400549E-2,1.761491257E-1,3.953888885E-1
5.200585000E0,1.807652101E-1,7.341007490E-2,2.349621749E-1,3.054051799E-1
5.210553000E0,2.280679056E-1,2.776805255E-1,-7.345681608E-2,3.667660666E-1
5.220522000E0,7.504100952E-2,8.415597819E-2,-4.645402336E-1,4.780282527E-1
5.230491000E0,-4.394146018E-3,-1.171924360E-1,-1.870419037E-1,2.207669571E-1
5.240459000E0,-2.051572356E-2,-2.268692447E-1,3.359699017E-1,4.059141830E-1
5.250428000E0,-3.299020998E-2,-3.701199800E-1,4.456028563E-1,5.802060488E-1
5.260397000E0,-1.227833061E-1,-4.508938555E-1,2.355691159E-1,5.233295497E-1
5.270366000E0,5.811057933E-2,-2.284482305E-1,6.787564874E-2,2.453009114E-1
5.280334000E0,3.707383961E-1,2.864366030E-1,8.766964316E-2,4.766328275E-1
5.290303000E0,4.189363004E-1,5.872447119E-1,-2.341207606E-1,7.584039201E-1
5.300272000E0,2.293704095E-1,5.713344016E-1,-6.059118748E-1,8.638072604E-1
5.310240000E0,2.907809380E-2,3.693346989E-1,-4.698641235E-1,5.983526969E-1
5.320209000E0,1.001503788E-2,2.761033121E-1,1.479415727E-1,3.134007800E-1
5.330178000E0,-1.142063543E-2,1.164864395E-1,3.612205178E-1,3.797101315E-1
5.340147000E0,-6.153774206E-2,3.266859485E-2,2.155201828E-1,2.265018322E-1
5.350115000E0,-8.867993239E-2,-1.956131179E-2,-5.427034736E-2,1.057924663E-1
5.360084000E0,-4.674108145E-1,-1.710058965E-1,9.850102544E-2,5.073641081E-1
5.370053000E0,-2.096104751E-1,2.929955710E-1,-2.601367772E-2,3.611920089E-1
5.380022000E0,1.265240257E-1,6.159579760E-1,-6.321483314E-1,8.916412228E-1
5.389990000E0,1.220603709E-1,3.588607277E-1,-8.770566201E-1,9.554622289E-1
5.399959000E0,-2.017052588E-1,-1.041037544E-1,-2.101044917E-1,3.093000170E-1
5.409928000E0,-3.581032209E-1,-4.762598079E-1,6.717836827E-1,8.979725151E-1
5.419896000E0,-2.863332535E-1,-6.204773621E-1,9.304732740E-1,1.154451992E0
5.429865000E0,-1.975537722E-1,-5.290835541E-1,5.081014055E-1,7.596867371E-1
5.439834000E0,-7.897395641E-2,-1.291745138E-1,3.235030532E-2,1.548208095E-1
5.449803000E0,2.117454762E-1,1.806330265E-1,-6.397386020E-1,6.976603156E-1
5.459771000E0,5.382753406E-1,5.932378887E-1,-4.468272632E-1,9.172383213E-1
5.469740000E0,3.266256125E-1,6.015952409E-1,-4.582521379E-2,6.860765809E-1
5.479709000E0,2.470028345E-1,1.511347737E-1,-7.705688828E-1,8.231819503E-1
5.489677000E0,-4.347185567E-3,-3.085872081E-1,-3.963494200E-1,5.023323857E-1
5.499646000E0,-1.808386657E-1,-6.357795254E-1,8.055416644E-1,1.042024760E0
5.509615000E0,-1.135079775E-2,-6.536391878E-1,1.261896381E0,1.421181024E0
5.519584000E0,2.570589490E-1,-2.232887570E-1,6.396900702E-1,7.246658251E-1
5.529552000E0,2.195195322E-1,3.701978210E-2,-6.517136997E-1,6.886871827E-1
5.539521000E0,4.240508599E-1,2.586095941E-1,-1.089609341E0,1.197475081E0
5.549490000E0,4.172193751E-1,1.844690740E-1,-3.159864575E-1,5.549308854E-1
5.559458000E0,1.000502452E-1,-1.228248761E-1,4.129806554E-1,4.423223073E-1
5.569427000E0,-1.076493232E-1,-3.722132466E-1,3.528432119E-1,5.240509612E-1
5.579396000E0,-2.547401260E-1,-5.722694810E-1,-3.870155096E-2,6.276007494E-1
5.589365000E0,-1.680085955E-1,-4.560180264E-1,9.359111845E-2,4.949127459E-1
5.599333000E0,3.898265585E-3,-1.997717490E-1,3.264178902E-1,3.827173725E-1
5.609302000E0,2.278002128E-3,-1.512983130E-1,1.604943752E-2,1.521642312E-1
5.619271000E0,-1.361155059E-1,-2.539397884E-1,-3.713724536E-1,4.700322822E-1
5.629240000E0,-1.283811745E-1,-2.098758108E-1,-2.317923993E-1,3.380196714E-1
5.639208000E0,-1.489848621E-2,-1.246855515E-1,1.026934791E-1,1.622171455E-1
5.649177000E0,-3.980433583E-2,-3.150729397E-1,-3.169114870E-1,4.486515720E-1
5.659146000E0,-7.362686042E-2,-5.399341591E-1,-6.619977826E-1,8.574327233E-1
5.669114000E0,7.269035574E-2,-6.324415693E-1,-1.734021038E-1,6.597988451E-1
5.679083000E0,2.280886633E-1,-6.588528576E-1,7.266486919E-1,1.007040142E0
5.689052000E0,3.627038467E-1,-6.061502219E-1,8.862040043E-1,1.133282714E0
5.699021000E0,3.935607366E-1,-4.965231511E-1,2.929706472E-1,6.980380313E-1
5.708989000E0,1.714704030E-1,-4.707538504E-1,-2.326338136E-1,5.523855339E-1
5.718958000E0,-5.455938254E-2,-3.918834628E-1,5.628939092E-2,3.996471821E-1
5.728927000E0,-1.610375816E-1,-1.672742583E-1,5.251969099E-1,5.742347728E-1
5.738895000E0,-1.487152324E-1,9.967538388E-2,1.109333754E-2,1.793724188E-1
5.748864000E0,-2.455530539E-1,1.822717818E-1,-8.589682585E-1,9.117816481E-1
5.758833083E0,-3.153051107E-1,1.513462784E-1,-7.310826355E-1,8.104349627E-1
5.768802083E0,-1.563181111E-1,2.847724489E-1,1.000856209E-1,3.399232722E-1
5.778770083E0,2.168016002E-2,3.759398599E-1,4.781794488E-1,6.086512901E-1
5.788739083E0,1.230096298E-1,3.182314959E-1,-1.150509846E-1,3.600546946E-1
5.798708083E0,1.514425565E-1,2.052219022E-1,-6.676736748E-1,7.147300281E-1
5.808677083E0,1.666998425E-1,1.334483533E-1,-1.749586326E-1,2.760576454E-1
5.818645083E0,2.227237333E-1,6.092570303E-2,4.577726662E-1,5.127120211E-1
5.828614083E0,2.171789283E-1,-6.221505063E-2,3.635722679E-1,4.280446161E-1
5.838583083E0,2.001194939E-1,-1.662837400E-1,-1.409822166E-1,2.959291797E-1
5.848551083E0,1.598502313E-1,-1.865086559E-1,-1.996204340E-1,3.165215520E-1
5.858520083E0,1.011078604E-1,-1.624254547E-1,2.416233230E-1,3.081990558E-1
5.868489083E0,-3.004025314E-2,-1.548469699E-1,3.624969649E-1,3.953277760E-1
5.878458083E0,-1.246904120E-1,-1.347259699E-1,-3.181177676E-2,1.863082794E-1
5.888426083E0,-1.406768458E-1,-5.766683048E-2,-3.409564072E-1,3.733185100E-1
5.898395083E0,-1.104996216E-1,5.228350002E-2,-1.413932759E-1,1.869111800E-1
5.908364083E0,-1.070456348E-1,1.067384184E-1,1.822501105E-1,2.367846293E-1
5.918333083E0,-9.225389678E-2,1.067671246E-1,8.051265121E-2,1.624570324E-1
5.928301083E0,-5.584485635E-2,9.605308861E-2,-2.522097069E-1,2.755985850E-1
5.938270083E0,4.754692644E-2,1.170449948E-1,-2.531674808E-1,2.829381812E-1
5.948239083E0,9.140948575E-2,9.749457344E-2,5.236240089E-2,1.435364308E-1
5.958207083E0,8.877560746E-2,6.490963032E-2,1.924540865E-1,2.216595227E-1
5.968176083E0,1.231780662E-1,1.700045060E-2,2.597625554E-2,1.270299853E-1
5.978145083E0,1.509749620E-1,-1.420793004E-2,-1.493799877E-1,2.128607177E-1
5.988114083E0,1.503734662E-1,-1.249045663E-2,-1.690897822E-2,1.518357810E-1
5.998082083E0,1.353701686E-1,-2.318291271E-2,1.673391259E-1,2.164830549E-1
6.008051083E0,8.146055795E-2,-3.207148449E-2,1.408804750E-1,1.658665454E-1
6.018020083E0,2.909994777E-2,8.685125224E-3,-4.776122689E-2,5.659834940E-2
6.027988083E0,-4.225899696E-2,2.997260816E-2,-1.333457530E-1,1.430568764E-1
6.037957083E0,-9.375257470E-2,1.201284874E-2,-6.715702593E-2,1.159479190E-1
6.047926083E0,-1.180108817E-1,1.210353540E-2,8.137570024E-3,1.189087205E-1
6.057895083E0,-7.982750371E-2,1.931421211E-2,-3.613579273E-3,8.221026148E-2
6.067863083E0,-4.018239487E-2,1.818538886E-3,-8.412038326E-2,9.324253762E-2
6.077832083E0,-1.244652942E-2,-1.255422782E-2,-2.626744688E-2,3.166233561E-2
6.087801083E0,2.625995513E-2,-1.917042542E-2,5.425689876E-2,6.325267992E-2
6.097770083E0,7.094163626E-2,2.021049891E-2,4.229232609E-2,8.502835332E-2
6.107738083E0,6.332984056E-2,1.363261884E-2,-5.353301346E-2,8.403749480E-2
6.117707083E0,8.134792596E-2,4.019281022E-2,-4.369039536E-2,1.007064928E-1
6.127676083E0,1.070518109E-1,4.651005065E-2,1.602137089E-4,1.167188960E-1
6.137644083E0,1.103988302E-1,3.899367420E-2,1.372926235E-3,1.170909615E-1
6.147613083E0,9.693053640E-2,3.043033551E-2,1.546296179E-2,1.027649619E-1
6.157582083E0,9.290830985E-2,2.690806417E-2,1.924377143E-2,9.862211058E-2
6.167551083E0,7.185968567E-2,1.351096021E-2,2.965356946E-2,7.890307124E-2
6.177519083E0,2.156401969E-2,7.904850841E-3,-7.973847985E-3,2.431205182E-2
6.187488083E0,-3.507525399E-2,3.123103861E-2,-3.651001453E-2,5.948640497E-2
6.197457083E0,-6.983172510E-2,2.085738368E-2,-7.843630493E-2,1.070689227E-1
6.207426083E0,-7.745685976E-2,1.256473454E-2,-5.648293376E-2,9.668381190E-2
6.217394083E0,-4.128759172E-2,5.259205028E-3,-1.075887680E-4,4.162134119E-2
6.227363083E0,-2.375840664E-2,-1.355638577E-2,-5.403411984E-3,2.788250961E-2
6.237332083E0,1.968501695E-2,-1.599144045E-2,3.900092840E-4,2.536490030E-2
6.247300083E0,4.242140338E-2,4.705839157E-3,1.983200133E-2,4.706409102E-2
6.257269083E0,5.891632564E-2,2.168434443E-2,2.223754585E-2,6.660219716E-2
6.267238083E0,7.081851583E-2,2.038284559E-2,-1.472621262E-2,7.515040863E-2
6.277207083E0,6.047398735E-2,4.226080595E-2,-3.867465377E-2,8.329950606E-2
6.287175083E0,8.040944785E-2,4.433578178E-2,-1.369417906E-2,9.283787691E-2
6.297144083E0,7.711878106E-2,3.426472027E-2,-1.272354126E-3,8.439784554E-2
6.307113083E0,7.573803417E-2,1.593627563E-2,-1.785915077E-2,7.943024592E-2
6.317082083E0,7.041125726E-2,1.425794201E-2,1.227973759E-2,7.288227504E-2
6.327050083E0,4.259064373E-2,3.840020008E-2,1.727852225E-2,5.989228357E-2
6.337019083E0,6.799251996E-3,3.676113417E-2,-4.677772522E-5,3.738466265E-2
6.346988083E0,-1.314150754E-2,3.793784978E-2,-2.534066319E-2,4.747766714E-2
6.356957083E0,-3.320604533E-2,3.422886953E-2,-5.590698302E-2,7.348365604E-2
6.366925083E0,-3.793578498E-2,3.889732305E-3,-6.718041480E-2,7.724934907E-2
6.376894083E0,-1.479575794E-2,-9.277502988E-3,-2.307720602E-2,2.894035163E-2
6.386863083E0,3.444781121E-2,-1.480513176E-2,6.849252999E-2,7.808373895E-2
6.396831083E0,3.512510151E-2,-2.017543389E-2,4.033467829E-2,5.716386237E-2
6.406800083E0,3.832071450E-2,-7.628734354E-3,-1.398303151E-2,4.149939659E-2
6.416769083E0,6.359724104E-2,2.024183633E-2,-1.169209242E-2,6.775725815E-2
6.426738083E0,4.891926795E-2,4.717489734E-2,-1.316968381E-2,6.922431862E-2
6.436706083E0,3.535975758E-2,5.036950534E-2,-6.063562632E-2,8.639489975E-2
6.446675083E0,4.137635976E-2,4.279962687E-2,-6.126478672E-2,8.542356407E-2
6.456644083E0,4.918363519E-2,3.204469694E-2,-1.473556817E-2,6.052296706E-2
6.466612083E0,5.868243702E-2,1.493844828E-2,3.228247762E-3,6.063998050E-2
6.476581083E0,4.670569483E-2,2.780689085E-2,2.840285003E-2,6.132998450E-2
6.486550083E0,3.838386443E-2,2.475234194E-2,1.691307127E-2,4.870371094E-2
6.496519083E0,2.442064036E-2,3.455138002E-3,-2.362041235E-2,3.415010298E-2
6.506487083E0,1.160891578E-3,3.051150218E-3,-4.830092490E-2,4.841111993E-2
6.516456083E0,-2.099238127E-2,3.188941682E-2,-2.450334191E-2,4.536550167E-2
6.526425083E0,-9.202055633E-4,4.834441356E-3,-4.467272758E-3,6.646437196E-3
6.536394083E0,-1.692878567E-3,-8.217055611E-3,-5.094094276E-3,9.815071944E-3
6.546362083E0,1.059340060E-2,-6.386804022E-4,-1.080331564E-2,1.514396506E-2
6.556331083E0,4.254222147E-2,1.732643288E-2,-1.903151751E-2,4.972167075E-2
6.566300083E0,2.214994725E-2,2.917155789E-2,-1.093487799E-2,3.822527318E-2
6.576269083E0,3.142165784E-2,3.882490894E-2,-2.215860844E-2,5.464154155E-2
6.586237083E0,2.496322542E-2,2.949013978E-2,-7.607227564E-4,3.864465897E-2
6.596206083E0,1.861738846E-2,3.136121225E-2,-1.425141871E-2,3.915655401E-2
6.606175083E0,3.804838043E-2,1.329972954E-2,-1.950923502E-2,4.477915040E-2
6.616143083E0,4.144356620E-2,6.559845060E-3,-2.057342827E-2,4.673185955E-2
6.626112083E0,5.238388941E-2,7.293981258E-3,2.119557202E-2,5.697829679E-2
6.636081083E0,5.626556352E-2,1.727000725E-2,4.607021213E-3,5.903635687E-2
6.646050083E0,2.247147102E-2,1.655460041E-2,-7.480927706E-3,2.889612576E-2
6.656018083E0,4.074120596E-3,1.692054475E-2,-1.238908052E-2,2.136334734E-2
6.665987083E0,-1.420412935E-2,1.793295359E-2,-2.495065391E-2,3.385089727E-2
6.675956083E0,-1.141339950E-2,1.093557235E-2,-5.790029883E-2,6.001913891E-2
6.685925083E0,-2.916591167E-3,1.191503579E-2,-2.066347539E-2,2.403026836E-2
6.695893083E0,1.158870634E-2,3.934993409E-3,-1.754632473E-2,2.139289132E-2
6.705862083E0,2.323343631E-2,1.827077648E-2,9.535054564E-3,3.105690103E-2
6.715831083E0,5.124053948E-2,2.400015246E-2,1.851462364E-2,5.953479229E-2
6.725799083E0,5.486592282E-2,1.790316934E-2,3.855654001E-3,5.784167206E-2
6.735768083E0,5.865919434E-2,2.427160945E-2,-3.534700334E-2,7.265963632E-2
6.745737083E0,3.846280184E-2,3.117232891E-2,-5.420251966E-2,7.340990636E-2
6.755706083E0,1.185650881E-2,1.510525838E-2,-3.460499167E-2,3.957589014E-2
6.765674250E0,2.296969034E-2,1.459386455E-2,-1.232300699E-2,2.987380220E-2
6.775643250E0,4.481309731E-2,1.291019535E-2,-6.960525513E-3,4.715226134E-2
6.785612250E0,6.130246472E-2,1.574426768E-2,-2.612769842E-2,6.847284695E-2
6.795581250E0,4.229185101E-2,5.788524225E-3,-1.160321474E-2,4.423507959E-2
6.805549250E0,3.441546880E-2,-2.169317007E-4,9.975934625E-3,3.583281769E-2
6.815518250E0,2.423356600E-2,1.203335054E-2,2.518980503E-3,2.717374669E-2
6.825487250E0,3.360778559E-2,1.184333431E-2,-4.642338395E-2,5.852246062E-2
6.835456250E0,-2.596967742E-3,1.740706963E-2,9.414601922E-3,1.995958527E-2
6.845424250E0,1.216509562E-2,2.591705248E-2,-1.523784399E-3,2.867063096E-2
6.855393250E0,3.316577263E-2,3.094313633E-2,-1.712298632E-2,4.848342831E-2
6.865362250E0,2.698223244E-2,7.037306763E-3,-6.789143622E-2,7.339490218E-2
6.875330250E0,3.075438090E-2,1.844160654E-2,-1.355969310E-2,3.833784127E-2
6.885299250E0,3.748547629E-2,1.305383585E-2,4.633859932E-2,6.101499283E-2
6.895268250E0,2.427270580E-2,-8.166367561E-4,2.651712298E-3,2.443077405E-2
6.905237250E0,1.023365065E-2,-1.758053094E-2,-3.192638218E-2,3.785626174E-2
6.915205250E0,3.051859193E-2,1.502361663E-2,-5.394290328E-2,6.377248877E-2
6.925174250E0,2.100436807E-2,2.048297916E-2,4.573692083E-3,2.969266866E-2
6.935143250E0,2.385305844E-2,1.720422607E-2,-1.115473330E-2,3.145444113E-2
6.945112250E0,3.892878838E-2,2.654389227E-2,-1.580911696E-2,4.969866156E-2
6.955080250E0,4.347072277E-2,1.112061845E-2,-1.714988351E-2,4.803634455E-2
6.965049250E0,2.820258290E-2,1.679733295E-2,1.865671098E-2,3.775723693E-2
6.975018250E0,3.406679202E-2,2.991462937E-2,1.598745704E-2,4.807317496E-2
6.984987250E0,2.915092818E-2,2.418463212E-2,-1.813806295E-2,4.199598043E-2
6.994955250E0,9.817255810E-3,1.261140263E-2,-6.246989787E-2,6.448188992E-2
7.004924250E0,2.001611553E-3,-6.182717923E-3,-2.776141047E-2,2.851189859E-2
7.014893250E0,2.141261335E-2,-2.803392727E-3,1.742470264E-2,2.774850057E-2
7.024861250E0,2.578395523E-2,-9.092438612E-3,-8.776670694E-3,2.871436462E-2
7.034830250E0,2.919565938E-2,-1.316805756E-2,-4.729812741E-3,3.237522811E-2
7.044799250E0,3.431562759E-2,2.602098674E-2,2.583299875E-2,5.021949693E-2
7.054768250E0,2.859211709E-2,6.479464117E-3,-9.465472698E-3,3.080726844E-2
7.064736250E0,1.142067198E-2,2.395173021E-2,-6.380013943E-2,6.909829896E-2
7.074705250E0,5.883687660E-3,2.959712556E-2,-3.852145672E-2,4.893373325E-2
7.084674250E0,1.309524145E-2,2.071080130E-2,-7.414854169E-3,2.560083400E-2
7.094643250E0,3.313536711E-2,3.113170903E-2,-1.162660360E-2,4.692881601E-2
7.104611250E0,4.849724516E-2,5.462505408E-3,1.989807487E-3,4.884445810E-2
7.114580250E0,5.131531075E-2,3.236945495E-3,1.143306077E-2,5.267308432E-2
7.124549250E0,4.327315997E-2,1.835097469E-2,7.269258499E-3,4.756224096E-2
7.134518250E0,3.668166686E-2,2.593662238E-2,-2.848763466E-2,5.319584939E-2
7.144486250E0,6.620583013E-3,2.904173143E-2,-3.763034105E-2,4.799267498E-2
7.154455250E0,-1.123469397E-3,2.054477692E-2,-2.986640811E-2,3.626778702E-2
7.164424250E0,1.572276089E-2,-1.401027588E-2,-1.626403034E-2,2.660848968E-2
7.174392250E0,2.661758546E-2,-1.372436531E-2,-1.537291467E-2,3.366274743E-2
7.184361250E0,2.093595564E-2,1.644160297E-2,2.550613940E-2,3.686737981E-2
7.194330250E0,3.690978136E-2,2.355238365E-2,3.683745861E-4,4.378564189E-2
7.204299250E0,1.854137465E-2,2.321636975E-2,-5.993980765E-2,6.689964828E-2
7.214267250E0,-1.804560386E-3,4.363272719E-2,-1.203415453E-2,4.529781668E-2
7.224236250E0,1.733063556E-2,4.505952090E-2,-1.159619808E-2,4.965061090E-2
7.234205250E0,1.948982958E-2,1.036166813E-2,-4.605793297E-2,5.107397393E-2
7.244174250E0,2.740933500E-2,1.152742021E-3,-2.273982167E-2,3.563284930E-2
7.254142250E0,3.777827561E-2,-4.555730168E-3,3.801567256E-2,5.378795540E-2
7.264111250E0,4.601711210E-2,5.242960732E-3,8.832803965E-3,4.714956701E-2
7.274080250E0,4.745578296E-2,7.492073961E-3,-1.314980328E-2,4.981063978E-2
7.284049250E0,4.115847789E-2,3.077808039E-2,8.282580972E-3,5.205681206E-2
7.294017250E0,1.670257151E-2,2.656296881E-2,-1.534660220E-2,3.492972096E-2
7.303986250E0,1.664994657E-2,2.563556386E-2,-4.796938777E-2,5.688114818E-2
7.313955250E0,1.955053098E-3,9.606938772E-3,-4.768521309E-2,4.868259497E-2
7.323924250E0,-6.057349965E-3,2.413182445E-3,-9.692344666E-3,1.168145895E-2
7.333892250E0,1.963571761E-2,-5.045562387E-3,-1.584946275E-2,2.573372447E-2
7.343861250E0,3.088104621E-2,4.498336092E-4,7.356966734E-3,3.174848539E-2
7.353830250E0,5.091126814E-2,3.200319998E-2,2.653174102E-2,6.572743198E-2
7.363799250E0,3.662271962E-2,3.326274505E-2,-2.973659992E-2,5.772260541E-2
7.373767250E0,5.651114658E-3,4.030299369E-2,-5.008841872E-2,6.453771058E-2
7.383736250E0,8.642002009E-3,3.950475739E-2,-2.450392663E-2,4.728374431E-2
7.393705250E0,-1.073037162E-2,1.586788148E-2,-1.764104962E-2,2.604106698E-2
7.403673250E0,3.205933325E-2,-1.627199717E-2,-2.963427365E-2,4.659151119E-2
7.413642250E0,4.027971447E-2,-1.870876947E-2,4.494169950E-3,4.463934381E-2
7.423611250E0,2.926392563E-2,-1.334787771E-2,2.173059225E-2,3.881703005E-2
7.433580250E0,3.389608987E-2,-1.065450400E-2,-1.057410479E-2,3.707121600E-2
7.443548250E0,2.309485730E-2,3.141193684E-2,-1.578982115E-2,4.206424446E-2
7.453517250E0,1.078621253E-2,3.646424180E-2,-2.685626149E-2,4.655364746E-2
7.463486250E0,-1.073493976E-2,2.777873285E-2,-2.522371888E-2,3.902733561E-2
7.473455250E0,-5.822730437E-3,2.811659228E-2,-2.001209557E-2,3.499901313E-2
7.483423250E0,1.595368937E-2,2.678355502E-2,1.033963144E-2,3.284489309E-2
7.493392250E0,2.905108698E-2,1.349316275E-2,-6.081104279E-4,3.203749200E-2
7.503361250E0,5.265677165E-2,1.247282362E-2,1.188738942E-3,5.412688824E-2
7.513330250E0,4.955295995E-2,4.131419655E-2,-8.893615007E-4,6.452247391E-2
7.523298250E0,3.964119852E-2,3.495019667E-2,-1.808660746E-2,5.585755308E-2
7.533267250E0,2.307377078E-2,2.868179876E-2,-4.757587016E-2,6.015403477E-2
7.543236250E0,3.015160605E-2,3.945043311E-3,-3.051603377E-2,4.308028588E-2
7.553205250E0,7.602111250E-3,-2.183352152E-2,1.169443130E-3,2.314870093E-2
7.563173250E0,-6.848673759E-2,4.030451031E-2,-9.597818577E-1,9.630659901E-1
7.573142250E0,-7.777778419E-1,3.701871499E-1,-3.261148290E0,3.372990523E0
7.583111250E0,-4.162933224E-1,3.286661812E-1,2.676277036E0,2.728329225E0
7.593080250E0,-1.998737281E-1,1.598884941E-1,3.873452341E0,3.881899905E0
7.603048250E0,1.859399959E-2,-7.027498790E-1,7.808833712E-1,1.050705462E0
7.613017250E0,8.181107660E-1,-6.156541400E-1,-1.387412127E0,1.724310777E0
7.622986250E0,9.013064852E-1,-3.329676123E-1,-3.102195826E0,3.247589837E0
7.632955250E0,6.177554101E-1,-1.396826181E-1,-6.419570357E-1,9.017992105E-1
7.642923250E0,4.698796186E-1,1.098817171E-1,2.352199202E0,2.401187609E0